{
	"animations": {
		"animation.scuke_survive_melee.baseball_bat_tp_hold": {
			"loop": true,
			"override_previous_animation": true,
			"bones": {
				"rightArm": {
					"rotation": [-74.19928, -22.21537, -40.50567],
					"position": [0, 0, 0]
				},
				"leftArm": {
					"rotation": [-70, 30, 0],
					"position": [0, 0, 0]
				},
				"melee": {
					"rotation": [0, 0, 0],
					"position": [0, 0, 0],
					"scale": 0.6
				}
			}
		},
		"animation.scuke_survive_melee.baseball_bat_tp_attack1": {
			"loop": "hold_on_last_frame",
			"animation_length": 0.6667,
			"override_previous_animation": true,
			"bones": {
				"rightArm": {
					"rotation": {
						"0.0": [-129.00534, -30.96915, -16.17517],
						"0.1333": {
							"pre": [-17.29152, -8.99546, -83.30938],
							"post": [-17.29152, -8.99546, -83.30938],
							"lerp_mode": "catmullrom"
						},
						"0.3333": {
							"post": [-17.29152, -8.99546, -83.30938],
							"lerp_mode": "catmullrom"
						},
						"0.6667": [-74.19928, -22.21537, -40.50567]
					},
					"position": {
						"0.0": [0, 0, 0],
						"0.1333": {
							"pre": [0, 0, 0],
							"post": [0, 0, 0],
							"lerp_mode": "catmullrom"
						},
						"0.3333": {
							"post": [0, 0, 0],
							"lerp_mode": "catmullrom"
						},
						"0.6667": [0, 0, 0]
					}
				},
				"leftArm": {
					"rotation": {
						"0.0": [-96.07406, 39.64456, 5.58687],
						"0.1333": {
							"pre": [-66.96437, -51.81398, -12.08292],
							"post": [-66.96437, -51.81398, -12.08292],
							"lerp_mode": "catmullrom"
						},
						"0.3333": {
							"post": [-66.96437, -51.81398, -12.08292],
							"lerp_mode": "catmullrom"
						},
						"0.6667": [-70, 30, 0]
					},
					"position": {
						"0.0": [-0.8396, -0.11578, -0.53073],
						"0.1333": {
							"pre": [0, 0, 0],
							"post": [0, 0, 0],
							"lerp_mode": "catmullrom"
						},
						"0.3333": {
							"post": [0, 0, 0],
							"lerp_mode": "catmullrom"
						},
						"0.6667": [0, 0, 0]
					}
				},
				"melee": {
					"rotation": {
						"0.0": [-15, 0, 0],
						"0.1333": {
							"pre": [100, 0, 0],
							"post": [100, 0, 0],
							"lerp_mode": "catmullrom"
						},
						"0.3333": {
							"post": [100, 0, 0],
							"lerp_mode": "catmullrom"
						},
						"0.6667": [0, 0, 0]
					},
					"position": {
						"0.0": [0.48258, -0.55801, -1.04622],
						"0.1333": {
							"pre": [0, -10.19537, -0.23313],
							"post": [0, -10.19537, -0.23313],
							"lerp_mode": "catmullrom"
						},
						"0.3333": {
							"post": [0, -4.28653, -1.27502],
							"lerp_mode": "catmullrom"
						},
						"0.6667": [0, 0, 0]
					},
					"scale": {
						"0.0": [0.6, 0.6, 0.6],
						"0.6667": [0.6, 0.6, 0.6]
					}
				}
			},
			"sound_effects": {
				"0.1333": {
					"effect": "swing1"
				}
			},
			"particle_effects": {
				"0.1333": {
					"effect": "third_swing1",
					"locator": "melee_baseball_bat_root_third"
				}
			}
		},
		"animation.scuke_survive_melee.baseball_bat_tp_attack2": {
			"loop": "hold_on_last_frame",
			"animation_length": 0.6667,
			"override_previous_animation": true,
			"bones": {
				"rightArm": {
					"rotation": {
						"0.0": [-111.76854, 7.24002, -48.61144],
						"0.1333": {
							"pre": [-17.29152, -8.99546, -83.30938],
							"post": [-17.29152, -8.99546, -83.30938],
							"lerp_mode": "catmullrom"
						},
						"0.3333": {
							"post": [-17.29152, -8.99546, -83.30938],
							"lerp_mode": "catmullrom"
						},
						"0.6667": [-74.19928, -22.21537, -40.50567]
					},
					"position": {
						"0.0": [0, 0, 0],
						"0.1333": {
							"pre": [0, 0, 0],
							"post": [0, 0, 0],
							"lerp_mode": "catmullrom"
						},
						"0.3333": {
							"post": [0, 0, 0],
							"lerp_mode": "catmullrom"
						},
						"0.6667": [0, 0, 0]
					}
				},
				"leftArm": {
					"rotation": {
						"0.0": [-77.97631, 57.13699, 6.37701],
						"0.1333": {
							"pre": [-66.96437, -51.81398, -12.08292],
							"post": [-66.96437, -51.81398, -12.08292],
							"lerp_mode": "catmullrom"
						},
						"0.3333": {
							"post": [-66.96437, -51.81398, -12.08292],
							"lerp_mode": "catmullrom"
						},
						"0.6667": [-70, 30, 0]
					},
					"position": {
						"0.0": [-0.8396, -0.11578, -0.53073],
						"0.1333": {
							"pre": [0, 0, 0],
							"post": [0, 0, 0],
							"lerp_mode": "catmullrom"
						},
						"0.3333": {
							"post": [0, 0, 0],
							"lerp_mode": "catmullrom"
						},
						"0.6667": [0, 0, 0]
					}
				},
				"melee": {
					"rotation": {
						"0.0": [7.36247, 2.35336, 0.96727],
						"0.1333": {
							"pre": [100, 0, 0],
							"post": [100, 0, 0],
							"lerp_mode": "catmullrom"
						},
						"0.3333": {
							"post": [100, 0, 0],
							"lerp_mode": "catmullrom"
						},
						"0.6667": [0, 0, 0]
					},
					"position": {
						"0.0": [0, 1.2525, -1.85236],
						"0.1333": {
							"pre": [0, -10.19537, -0.23313],
							"post": [0, -10.19537, -0.23313],
							"lerp_mode": "catmullrom"
						},
						"0.3333": {
							"post": [0, -4.28653, -1.27502],
							"lerp_mode": "catmullrom"
						},
						"0.6667": [0, 0, 0]
					},
					"scale": {
						"0.0": [0.6, 0.6, 0.6],
						"0.6667": [0.6, 0.6, 0.6]
					}
				}
			},
			"sound_effects": {
				"0.1333": {
					"effect": "swing2"
				}
			},
			"particle_effects": {
				"0.1333": {
					"effect": "third_swing2",
					"locator": "melee_baseball_bat_root_third"
				}
			}
		},
		"animation.scuke_survive_melee.baseball_bat_tp_attack3": {
			"loop": "hold_on_last_frame",
			"animation_length": 0.6667,
			"override_previous_animation": true,
			"bones": {
				"rightArm": {
					"rotation": {
						"0.0": [-111.76854, 7.24002, -48.61144],
						"0.0667": {
							"pre": [-17.29152, -8.99546, -83.30938],
							"post": [-17.29152, -8.99546, -83.30938],
							"lerp_mode": "catmullrom"
						},
						"0.3333": {
							"post": [-17.29152, -8.99546, -83.30938],
							"lerp_mode": "catmullrom"
						},
						"0.6667": [-74.19928, -22.21537, -40.50567]
					},
					"position": {
						"0.0": [0, 0, 0],
						"0.0667": {
							"pre": [0, 0, 0],
							"post": [0, 0, 0],
							"lerp_mode": "catmullrom"
						},
						"0.3333": {
							"post": [0, 0, 0],
							"lerp_mode": "catmullrom"
						},
						"0.6667": [0, 0, 0]
					}
				},
				"leftArm": {
					"rotation": {
						"0.0": [-77.97631, 57.13699, 6.37701],
						"0.0667": {
							"pre": [-66.96437, -51.81398, -12.08292],
							"post": [-66.96437, -51.81398, -12.08292],
							"lerp_mode": "catmullrom"
						},
						"0.3333": {
							"post": [-66.96437, -51.81398, -12.08292],
							"lerp_mode": "catmullrom"
						},
						"0.6667": [-70, 30, 0]
					},
					"position": {
						"0.0": [-0.8396, -0.11578, -0.53073],
						"0.0667": {
							"pre": [0, 0, 0],
							"post": [0, 0, 0],
							"lerp_mode": "catmullrom"
						},
						"0.3333": {
							"post": [0, 0, 0],
							"lerp_mode": "catmullrom"
						},
						"0.6667": [0, 0, 0]
					}
				},
				"melee": {
					"rotation": {
						"0.0": [7.36247, 2.35336, 0.96727],
						"0.0667": {
							"pre": [100, 0, 0],
							"post": [100, 0, 0],
							"lerp_mode": "catmullrom"
						},
						"0.3333": {
							"post": [100, 0, 0],
							"lerp_mode": "catmullrom"
						},
						"0.6667": [0, 0, 0]
					},
					"position": {
						"0.0": [0, 1.2525, -1.85236],
						"0.0667": {
							"pre": [0, -10.19537, -0.23313],
							"post": [0, -10.19537, -0.23313],
							"lerp_mode": "catmullrom"
						},
						"0.3333": {
							"post": [0, -4.28653, -1.27502],
							"lerp_mode": "catmullrom"
						},
						"0.6667": [0, 0, 0]
					},
					"scale": {
						"0.0": [0.6, 0.6, 0.6],
						"0.6667": [0.6, 0.6, 0.6]
					}
				}
			},
			"sound_effects": {
				"0.1333": {
					"effect": "swing3"
				}
			},
			"particle_effects": {
				"0.1333": {
					"effect": "third_swing3",
					"locator": "melee_baseball_bat_root_third"
				}
			}
		},