{
	"animations": {
		"animation.scuke_survive_melee.chainsaw_tp_hold": {
			"loop": true,
			"override_previous_animation": true,
			"bones": {
				"rightArm": {
					"rotation": [32.49937, -11.11729, 10.18366],
					"position": [0, 0, 0]
				},
				"leftArm": {
					"rotation": [-55.34971, 12.99645, 15.61148],
					"position": [0, 0, 0]
				},
				"melee": {
					"rotation": [-63.33416, -15.93027, 17.9486],
					"position": [-5.5961, 9.89156, -8.16092],
					"scale": 0.4
				}
			}
		},
		"animation.scuke_survive_melee.chainsaw_tp_attack": {
			"loop": true,
			"animation_length": 0.0667,
			"override_previous_animation": true,
			"bones": {
				"rightArm": {
					"rotation": {
						"0.0": [43.16565, -6.91865, 5.42705],
						"0.0333": [48.17, -6.92, 5.43],
						"0.0667": [43.16565, -6.91865, 5.42705]
					},
					"position": {
						"0.0": [0, 0, 0],
						"0.0667": [0, 0, 0]
					}
				},
				"leftArm": {
					"rotation": {
						"0.0": [-37.3801, 25.97444, 31.8074],
						"0.0333": [-32.38, 25.97, 31.81],
						"0.0667": [-37.3801, 25.97444, 31.8074]
					},
					"position": {
						"0.0": [-1, 0, 0],
						"0.0667": [-1, 0, 0]
					}
				},
				"melee": {
					"rotation": {
						"0.0": [-56.66367, -14.18855, 11.37102],
						"0.0667": [-56.66367, -14.18855, 11.37102]
					},
					"position": {
						"0.0": [-7.43972, 9.60227, -9.38965],
						"0.0667": [-7.43972, 9.60227, -9.38965]
					},
					"scale": {
						"0.0": [0.4, 0.4, 0.4],
						"0.0667": [0.4, 0.4, 0.4]
					}
				},
				"chainsaw_bone9": {
					"position": {
						"0.0": [0, 0, 0],
						"0.0667": [0, 0, 2]
					}
				},
				"chainsaw_bone8": {
					"position": {
						"0.0": [0, 0, 0],
						"0.0667": [0, 0, 2]
					}
				},
				"chainsaw_bone7": {
					"position": {
						"0.0": [0, 0, 0],
						"0.0667": [0, 0, 2]
					}
				},
				"chainsaw_bone6": {
					"position": {
						"0.0": [0, 0, 0],
						"0.0667": [0, 0, 2]
					}
				},
				"chainsaw_bone3": {
					"position": {
						"0.0": [0, 0, 0],
						"0.0667": [0, 0, -2]
					}
				},
				"chainsaw_bone4": {
					"position": {
						"0.0": [0, 0, 0],
						"0.0667": [0, 0, -2]
					}
				},
				"chainsaw_bone5": {
					"position": {
						"0.0": [0, 0, 0],
						"0.0667": [0, 0, -2]
					}
				},
				"chainsaw_bone2": {
					"position": {
						"0.0": [0, 0, 0],
						"0.0667": [0, 0, -2]
					}
				}
			},
			"sound_effects": {
				"0.0": {
					"effect": "using"
				}
			}
		},
		"animation.scuke_survive_melee.chainsaw_tp_attack_begin": {
			"loop": "hold_on_last_frame",
			"animation_length": 0.0667,
			"override_previous_animation": true,
			"bones": {
				"rightArm": {
					"rotation": {
						"0.0": [32.49937, -11.11729, 10.18366],
						"0.0667": [43.16565, -6.91865, 5.42705]
					},
					"position": {
						"0.0": [0, 0, 0],
						"0.0667": [0, 0, 0]
					}
				},
				"leftArm": {
					"rotation": {
						"0.0": [-55.34971, 12.99645, 15.61148],
						"0.0667": [-37.3801, 25.97444, 31.8074]
					},
					"position": {
						"0.0": [0, 0, 0],
						"0.0667": [-1, 0, 0]
					}
				},
				"melee": {
					"rotation": {
						"0.0": [-63.33416, -15.93027, 17.9486],
						"0.0667": [-56.66367, -14.18855, 11.37102]
					},
					"position": {
						"0.0": [-5.5961, 9.89156, -8.16092],
						"0.0667": [-7.43972, 9.60227, -9.38965]
					},
					"scale": {
						"0.0": [0.4, 0.4, 0.4],
						"0.0667": [0.4, 0.4, 0.4]
					}
				},
				"chainsaw_bone9": {
					"position": {
						"0.0": [0, 0, 0],
						"0.0667": [0, 0, 2]
					}
				},
				"chainsaw_bone8": {
					"position": {
						"0.0": [0, 0, 0],
						"0.0667": [0, 0, 2]
					}
				},
				"chainsaw_bone7": {
					"position": {
						"0.0": [0, 0, 0],
						"0.0667": [0, 0, 2]
					}
				},
				"chainsaw_bone6": {
					"position": {
						"0.0": [0, 0, 0],
						"0.0667": [0, 0, 2]
					}
				},
				"chainsaw_bone3": {
					"position": {
						"0.0": [0, 0, 0],
						"0.0667": [0, 0, -2]
					}
				},
				"chainsaw_bone4": {
					"position": {
						"0.0": [0, 0, 0],
						"0.0667": [0, 0, -2]
					}
				},
				"chainsaw_bone5": {
					"position": {
						"0.0": [0, 0, 0],
						"0.0667": [0, 0, -2]
					}
				},
				"chainsaw_bone2": {
					"position": {
						"0.0": [0, 0, 0],
						"0.0667": [0, 0, -2]
					}
				}
			}
		},
		"animation.scuke_survive_melee.chainsaw_fp_hold": {
			"loop": true,
			"bones": {
				"rightArm": {
					"rotation": [-44.53757, -13.79906, 13.31759],
					"position": [-1.04189, -4.35646, -3.99196]
				},
				"leftArm": {
					"rotation": [-77.87945, 8.09798, 4.05917],
					"position": [-3.99299, -2.39451, -6.93431]
				},
				"melee": {
					"rotation": [9.10585, -4.8131, -11.1823],
					"position": [-8.79546, -0.46974, -9.97241],
					"scale": 0.8
				},
				"root": {
					"rotation": [0, 180, 0]
				}
			}
		},
		"animation.scuke_survive_melee.chainsaw_fp_attack": {
			"loop": true,
			"animation_length": 0.0667,
			"bones": {
				"rightArm": {
					"rotation": {
						"0.0": [-42.28931, 8.59001, 5.71343],
						"0.0333": [-43.29, 8.59, 5.71],
						"0.0667": [-42.28931, 8.59001, 5.71343]
					},
					"position": {
						"0.0": [-1.04189, -4.35646, -3.99196],
						"0.0667": [-1.04189, -4.35646, -3.99196]
					}
				},
				"leftArm": {
					"rotation": {
						"0.0": [-84.09875, 30.85645, 4.43202],
						"0.0333": [-85.1, 30.86, 4.43],
						"0.0667": [-84.09875, 30.85645, 4.43202]
					},
					"position": {
						"0.0": [-3.99299, -2.39451, -6.93431],
						"0.0667": [-3.99299, -2.39451, -6.93431]
					}
				},
				"melee": {
					"rotation": {
						"0.0": [9.10585, -4.8131, -11.1823],
						"0.0667": [9.10585, -4.8131, -11.1823]
					},
					"position": {
						"0.0": [-8.79546, -0.46974, -9.97241],
						"0.0667": [-8.79546, -0.46974, -9.97241]
					},
					"scale": {
						"0.0": [0.8, 0.8, 0.8],
						"0.0667": [0.8, 0.8, 0.8]
					}
				},
				"chainsaw_bone9": {
					"position": {
						"0.0": [0, 0, 0],
						"0.0667": [0, 0, 2]
					}
				},
				"chainsaw_bone8": {
					"position": {
						"0.0": [0, 0, 0],
						"0.0667": [0, 0, 2]
					}
				},
				"chainsaw_bone7": {
					"position": {
						"0.0": [0, 0, 0],
						"0.0667": [0, 0, 2]
					}
				},
				"chainsaw_bone6": {
					"position": {
						"0.0": [0, 0, 0],
						"0.0667": [0, 0, 2]
					}
				},
				"chainsaw_bone3": {
					"position": {
						"0.0": [0, 0, 0],
						"0.0667": [0, 0, -2]
					}
				},
				"chainsaw_bone4": {
					"position": {
						"0.0": [0, 0, 0],
						"0.0667": [0, 0, -2]
					}
				},
				"chainsaw_bone5": {
					"position": {
						"0.0": [0, 0, 0],
						"0.0667": [0, 0, -2]
					}
				},
				"chainsaw_bone2": {
					"position": {
						"0.0": [0, 0, 0],
						"0.0667": [0, 0, -2]
					}
				},
				"root": {
					"rotation": [0, 180, 0]
				}
			},
			"sound_effects": {
				"0.0": {
					"effect": "using"
				}
			}
		},
		"animation.scuke_survive_melee.chainsaw_fp_attack_begin": {
			"loop": "hold_on_last_frame",
			"animation_length": 0.0667,
			"bones": {
				"rightArm": {
					"rotation": {
						"0.0": [-44.53757, -13.79906, 13.31759],
						"0.0667": [-42.28931, 8.59001, 5.71343]
					},
					"position": {
						"0.0": [-1.04189, -4.35646, -3.99196],
						"0.0667": [-1.04189, -4.35646, -3.99196]
					}
				},
				"leftArm": {
					"rotation": {
						"0.0": [-77.87945, 8.09798, 4.05917],
						"0.0667": [-84.09875, 30.85645, 4.43202]
					},
					"position": {
						"0.0": [-3.99299, -2.39451, -6.93431],
						"0.0667": [-3.99299, -2.39451, -6.93431]
					}
				},
				"melee": {
					"rotation": {
						"0.0": [9.10585, -4.8131, -11.1823],
						"0.0667": [9.10585, -4.8131, -11.1823]
					},
					"position": {
						"0.0": [-8.79546, -0.46974, -9.97241],
						"0.0667": [-8.79546, -0.46974, -9.97241]
					},
					"scale": {
						"0.0": [0.8, 0.8, 0.8],
						"0.0667": [0.8, 0.8, 0.8]
					}
				},
				"chainsaw_bone9": {
					"position": {
						"0.0": [0, 0, 0],
						"0.0667": [0, 0, 2]
					}
				},