{
	"format_version": "1.8.0",
	"animations": {
		"animation.scuke_survive.moss.sikao": {
			"loop": true,
			"animation_length": 1.08,
			"bones": {
				"Head": {
					"rotation": {
						"0.0": [-7.5, 20, 0],
						"0.52": [0, 20, 0],
						"1.08": [-7.5, 20, 0]
					}
				},
				"Body": {
					"rotation": [0, -12.5, 0]
				},
				"RightArm": {
					"rotation": {
						"0.0": [5.85463, 13.83447, 33.21088],
						"0.56": [2.66399, 14.76689, 20.34527],
						"1.08": [5.85463, 13.83447, 33.21088]
					}
				},
				"LeftArm": {
					"rotation": {
						"0.0": [-225.14283, 13.39176, 43.8708],
						"0.12": [-225.86314, 9.82414, 40.29382],
						"0.36": [-225.14283, 13.39176, 43.8708],
						"0.48": [-226.13591, 8.02567, 38.53595],
						"0.72": [-225.14283, 13.39176, 43.8708],
						"0.84": [-226.35199, 6.2198, 36.7936],
						"1.04": [-225.14283, 13.39176, 43.8708]
					}
				},
				"RightLeg": {
					"rotation": {
						"0.0": [-15, 17.5, 0],
						"0.16": [-27.5, 17.5, 0],
						"0.6": [-15, 17.5, 0],
						"0.8": [-27.5, 17.5, 0],
						"1.04": [-15, 17.5, 0]
					}
				}
			}
		},
		"animation.scuke_survive.moss.shengli": {
			"loop": true,
			"animation_length": 4.08,
			"bones": {
				"Body": {
					"rotation": {
						"0.0": [0, 0, 0],
						"0.28": [90, 0, 0],
						"0.48": [102.5, 0, 0],
						"0.6": [20, 0, 0],
						"0.68": [-57.5, 0, 0],
						"0.76": [-212.5, 0, 0],
						"0.84": [-257.5, 0, 0],
						"0.92": [-317.5, 0, 0],
						"1.2": [-342.36252, 19.02438, -12.81544]
					},
					"position": {
						"0.0": [0, 0, 0],
						"0.28": [0, -2.25, 0],
						"0.6": [0, -1.25, 0],
						"0.68": [0, 5.75, 0],
						"0.76": [0, 14.75, 8],
						"0.84": [0, 7.75, 8],
						"0.92": [0, -2.25, 5],
						"1.2": [0, -0.25, 5]
					},
					"scale": 1
				},
				"LeftArm": {
					"rotation": {
						"0.0": [0, 0, 0],
						"0.28": [-95, 0, 0],
						"0.48": [-105, 0, 0],
						"0.6": [-38.71227, -18.42031, -7.92945],
						"0.68": [-51.21227, -18.42031, -7.92945],
						"0.76": [-35.539, -43.08009, -37.39732],
						"0.84": [-20.73161, -32.21514, -58.8587],
						"0.92": [-23.35809, -4.00609, -14.74707],
						"1.2": [26.79258, -16.91881, -93.32274]
					},
					"position": {
						"0.0": [0, 0, 0],
						"0.92": [0, 0, 0],
						"1.2": [2, 0, 0]
					},
					"scale": 1
				},
				"RightArm": {
					"rotation": {
						"0.0": [0, 0, 0],
						"0.24": [31.96539, 77.99836, 110.44563],
						"0.44": [39.46539, 77.99836, 110.44563],
						"0.56": [12.79488, 20.84187, 30.7226],
						"0.64": [-17.20512, 20.84187, 30.7226],
						"0.72": [-6.40237, 26.05816, 57.42701],
						"0.8": [-1.43554, 26.74399, 68.56873],
						"0.88": [-22.83131, 19.94937, 23.86629],
						"0.92": [-39.50892, 11.99223, 3.64825],
						"1.16": [-108.93529, 38.93849, -15.73201]
					},
					"position": {
						"0.0": [0, 0, 0],
						"0.88": [0, 0, 0],
						"1.16": [0, 2, -2]
					},
					"scale": 1
				},
				"Head": {
					"rotation": {
						"0.0": [0, 0, 0],
						"0.32": [-75, 0, 0],
						"0.52": [-97.5, 0, 0],
						"0.64": [-47.5, 0, 0],
						"0.72": [-77.5, 0, 0],
						"0.8": [-87.5, 0, 0],
						"0.88": [-85.62, 0, 0],
						"0.96": [-30, 0, 0],
						"1.24": [21.99548, 27.10956, -1.55871]
					},
					"position": [0, 0, 0],
					"scale": 1
				},
				"RightLeg": {
					"rotation": {
						"0.0": [0, 0, 0],
						"0.28": [-118.65641, 21.40584, 7.09999],
						"0.48": [-136.15641, 21.40584, 7.09999],
						"0.6": [-36.15641, 21.40584, 7.09999],
						"0.68": [10.55257, -0.69534, 2.78289],
						"0.76": [27.7769, -2.50751, 12.62158],
						"0.84": [-65.31814, 32.51533, -7.78674],
						"0.92": [-99.30932, 13.85499, -4.6293],
						"1.2": [-48.35308, 18.94397, 10.69202]
					},
					"position": [0, 0, 0],
					"scale": 1
				},
				"LeftLeg": {
					"rotation": {
						"0.0": [0, 0, 0],
						"0.28": [-150.57779, -14.2906, 4.60659],
						"0.48": [-148.07779, -14.2906, 4.60659],
						"0.6": [-103.07779, -14.2906, 4.60659],
						"0.68": [1.48834, -2.07574, -28.87596],
						"0.76": [49.33998, 4.59875, -26.30335],
						"0.84": [-8.14354, -2.82568, -25.24049],
						"0.92": [-97.76418, -20.32987, 14.93744],
						"1.08": [-75.34871, -5.05995, 10.56429],
						"1.2": [-21.83136, 33.16605, -8.02726]
					},
					"position": [0, 0, 0],
					"scale": 1
				}
			}
		}
	}
}