{
	"format_version": "1.8.0",
	"animations": {
		"animation.scuke_survive.robot.walk": {
			"loop": true,
			"animation_length": 1,
			"blend_weight": "variable.correct_pos ? 4.0 : 1.0",
			"bones": {
				"drone": {
					"rotation": {
						"0.0": [0, 0, 0],
						"0.1667": [0, -5, 0],
						"0.4583": [0, 0, 0],
						"0.5": [0, 0, 0],
						"0.7917": [0, 5, 0],
						"0.9583": [0, 0, 0]
					}
				},
				"plate": {
					"rotation": {
						"0.0": [0, 0, 0],
						"0.1667": [0, 0, -2.5],
						"0.4583": [0, 0, 0],
						"0.5": [0, 0, 0],
						"0.7083": [0, 0, 2.5],
						"0.9583": [0, 0, 0]
					}
				},
				"mainleg2": {
					"position": {
						"0.0": [0, 0, 0],
						"0.1667": [0, 1.29, 0],
						"0.4583": [0, 0, 0],
						"0.5": [0, 0, 0]
					}
				},
				"upperkeg2": {
					"rotation": {
						"0.0": [0, 0, 0],
						"0.1667": [25, 0, 0],
						"0.5": [0, 0, 0]
					}
				},
				"downleg2": {
					"rotation": {
						"0.0": [0, 0, 0],
						"0.1667": [-25, 0, 0],
						"0.3333": [-55, 0, 0],
						"0.5": [0, 0, 0]
					}
				},
				"mainleg3": {
					"position": {
						"0.0": [0, 0, 0],
						"0.5": [0, 0, 0],
						"0.7917": [0, 1.3, 0],
						"0.9583": [0, 0, 0]
					}
				},
				"upperkeg4": {
					"rotation": {
						"0.0": [0, 0, 0],
						"0.5": [0, 0, 0],
						"0.625": [25, 0, 0],
						"0.7917": [5.08377, -4.53051, -2.11751],
						"0.9583": [0, 0, 0]
					}
				},
				"downleg4": {
					"rotation": {
						"0.0": [0, 0, 0],
						"0.5": [0, 0, 0],
						"0.6667": [-35, 0, 0],
						"0.7917": [-52.5, 0, 0],
						"0.9583": [0, 0, 0]
					}
				},
				"mainleg4": {
					"position": {
						"0.0": [0, 0, 0],
						"0.1667": [0, 0.9, 0],
						"0.5": [0, 0, 0]
					}
				},
				"upperkeg5": {
					"rotation": {
						"0.0": [0, 0, 0],
						"0.1667": [25, 0, 0],
						"0.3333": [0, 0, 0],
						"0.5": [0, 0, 0]
					}
				},
				"downleg5": {
					"rotation": {
						"0.0": [0, 0, 0],
						"0.1667": [-25, 0, 0],
						"0.3333": [-55, 0, 0],
						"0.5": [0, 0, 0]
					}
				},
				"mainleg1": {
					"position": {
						"0.5": [0, 0, 0],
						"0.7917": [0, 1.4, 0],
						"0.9583": [0, 0, 0]
					}
				},
				"upperkeg3": {
					"rotation": {
						"0.5": [0, 0, 0],
						"0.625": [23.44, 0, 0],
						"0.7917": [3.75, 0, 0],
						"0.9583": [0, 0, 0]
					}
				},
				"downleg3": {
					"rotation": {
						"0.5": [0, 0, 0],
						"0.6667": [-30, 0, 0],
						"0.7917": [-50, 0, 0],
						"0.9583": [0, 0, 0]
					}
				}
			}
		},
		"animation.scuke_survive.robot.ui_correct": {
			"loop": true,
			"blend_weight": "1.0",
			"bones": {
				"drone": {
					"rotation": [0, "query.anim_time*30", 0],
					"position": [-0.25, 8, 0],
					"scale": 1.4
				}
			}
		}
	}
}