{
	"format_version": "1.8.0",
	"animations": {
		"animation.scuke_zombie_joker.casting": {
			"loop": true,
			"bones": {
				"arms": {
					"scale": 0
				},
				"leftArm": {
					"rotation": ["math.cos(query.life_time * 763.4) * 14.3239 - this", "-this", "-135.0 - this"],
					"scale": 1
				},
				"rightArm": {
					"rotation": ["math.cos(query.life_time * 763.4) * 14.3239 - this", "-this", "135.0 - this"],
					"scale": 1
				},
				"bone": {
					"scale": 0
				},
				"bone2": {
					"scale": 0
				}
			}
		},
		"animation.scuke_zombie_joker.standby": {
			"loop": true,
			"animation_length": 0.75,
			"bones": {
				"root": {
					"rotation": [0, 12, 0],
					"position": [0, -0.944, 0]
				},
				"waist": {
					"rotation": [2.20944, 3.99535, 2.18204],
					"position": {
						"0.0": [0, 0, 0],
						"0.3333": [-0.01768, -0.49932, 0.01923],
						"0.75": [0, 0, 0]
					}
				},
				"head": {
					"rotation": [-3.646, -17.61745, -1.55426],
					"position": {
						"0.0": [0, 0, 0],
						"0.375": [-0.03473, 0.74782, 0.04546],
						"0.75": [0, 0, 0]
					}
				},
				"leftArm": {
					"rotation": [-88.9004, -33.885, 95.67387],
					"position": [-1.424, 0, -1.04]
				},
				"leftForeArm": {
					"rotation": [-7.03152, 3.26708, 24.79922]
				},
				"rightArm": {
					"rotation": {
						"0.0": {
							"post": [-74.24471, -16.835, 80.76151],
							"lerp_mode": "catmullrom"
						},
						"0.2083": {
							"post": [-74.80562, 6.94088, 87.30793],
							"lerp_mode": "catmullrom"
						},
						"0.4583": {
							"post": [-74.68367, -9.95153, 82.71837],
							"lerp_mode": "catmullrom"
						},
						"0.625": {
							"post": [-61.45306, -57.01396, 60.89983],
							"lerp_mode": "catmullrom"
						},
						"0.75": {
							"post": [-74.24471, -16.835, 80.76151],
							"lerp_mode": "catmullrom"
						}
					},
					"position": {
						"0.0": {
							"post": [1.02399, 0.50472, -2.4167],
							"lerp_mode": "catmullrom"
						},
						"0.2083": {
							"post": [0.64014, 0.56278, -3.28211],
							"lerp_mode": "catmullrom"
						},
						"0.4583": {
							"post": [1.05457, 0.3642, -2.32303],
							"lerp_mode": "catmullrom"
						},
						"0.625": {
							"post": [0.98707, 0.77641, -2.42961],
							"lerp_mode": "catmullrom"
						},
						"0.75": {
							"post": [1.02399, 0.50472, -2.4167],
							"lerp_mode": "catmullrom"
						}
					}
				},
				"rightForeArm": {
					"rotation": {
						"0.0": {
							"post": [-1.76531, 0.27198, 29.99157],
							"lerp_mode": "catmullrom"
						},
						"0.2083": {
							"post": [-1.59029, -0.61548, 0.00529],
							"lerp_mode": "catmullrom"
						},
						"0.4583": {
							"post": [-1.49383, 0.82242, 49.98602],
							"lerp_mode": "catmullrom"
						},
						"0.625": {
							"post": [-0.33016, 1.67295, 99.99192],
							"lerp_mode": "catmullrom"
						},
						"0.75": {
							"post": [-1.76531, 0.27198, 29.99157],
							"lerp_mode": "catmullrom"
						}
					},
					"position": {
						"0.0": {
							"post": [0, 0, 0],
							"lerp_mode": "catmullrom"
						},
						"0.4583": {
							"post": [0, 0, 0],
							"lerp_mode": "catmullrom"
						}
					}
				},
				"leftLeg": {
					"rotation": {
						"0.0": [-40.36087, -40.68317, -0.07898],
						"0.375": [-42.86087, -40.68317, -0.07898],
						"0.75": [-40.36087, -40.68317, -0.07898]
					},
					"position": {
						"0.0": [-0.22686, -0.34012, 0.58337],
						"0.375": [-0.23, -0.59, 0.58],
						"0.75": [-0.22686, -0.34012, 0.58337]
					}
				},
				"leftForeLeg": {
					"rotation": {
						"0.0": [39, 0, 0],
						"0.375": [41.5, 0, 0],
						"0.75": [39, 0, 0]
					}
				},
				"rightLeg": {
					"rotation": {
						"0.0": [11.52612, 28.28388, 25.0505],
						"0.375": [1.52612, 28.28388, 25.0505],
						"0.75": [11.52612, 28.28388, 25.0505]
					},
					"position": {
						"0.0": [0.06699, 0.61283, -0.04294],
						"0.75": [0.06699, 0.61283, -0.04294]
					}
				},
				"rightForeLeg": {
					"rotation": {
						"0.0": [35.90849, 2.38345, -4.39662],
						"0.375": [43.40849, 2.38345, -4.39662],
						"0.75": [35.90849, 2.38345, -4.39662]
					}
				},
				"body": {
					"rotation": [10.07031, -4.69776, -1.71394]
				},
				"rightItem": {
					"rotation": [0, 0, 7.5]
				},
				"bone": {
					"scale": [0, 0, 1]
				},
				"bone2": {
					"rotation": [0, 20, 0],
					"position": {
						"0.0": [-1.65798, 16, 16.93969],
						"0.3333": [-1.66, 15.5, 16.94],
						"0.75": [-1.65798, 16, 16.93969]
					}
				},
				"bone3": {
					"rotation": {
						"0.0": [0, 0, 0],
						"0.2083": [-90, 0, 0],
						"0.4583": [-180, 0, 0],
						"0.625": [-270, 0, 0],
						"0.75": [-360, 0, 0]
					},
					"position": {
						"0.0": [0, 0, 0],
						"0.75": [0, 0, 0]
					},
					"scale": {
						"0.0": [1, 1, 1],
						"0.75": [1, 1, 1]
					}
				},
				"bone4": {
					"rotation": [0, 0, 0],
					"scale": [1, 0.5, 1]
				},
				"bone6": {
					"position": [0, -7, 0]
				}
			}
		},
		"animation.scuke_zombie_joker.ranged_attack": {
			"animation_length": 0.75,
			"bones": {
				"root": {
					"rotation": [0, 12, 0],
					"position": [0, -0.944, 0]
				},
				"waist": {
					"rotation": {
						"0.0": [2.20944, 3.99535, 2.18204],
						"0.125": [2.41239, 23.97944, 3.00892],
						"0.2917": [2.20482, 1.4972, 2.08566],
						"0.75": [2.20944, 3.99535, 2.18204]
					},
					"position": {
						"0.0": [0, 0, 0],
						"0.3333": [-0.01768, -0.49932, 0.01923],
						"0.75": [0, 0, 0]
					}
				},
				"head": {
					"rotation": [-3.646, -17.61745, -1.55426],
					"position": {
						"0.0": [0, 0, 0],
						"0.375": [-0.03473, 0.74782, 0.04546],
						"0.75": [0, 0, 0]
					}
				},
				"leftArm": {
					"rotation": {
						"0.0": [-170.88417, -70.05087, 140.54411],
						"0.125": [-244.45155, -65.88742, 187.16038],
						"0.4167": [-170.88417, -70.05087, 140.54411]
					},
					"position": [-1.424, 0, -1.04]
				},
				"leftForeArm": {
					"rotation": [-7.03152, 3.26708, 24.79922]
				},
				"rightArm": {
					"rotation": {
						"0.0": {
							"post": [155.32894, -78.85987, -111.70618],
							"lerp_mode": "catmullrom"
						},
						"0.0833": {
							"post": [131.58126, -54.32908, -90.70085],
							"lerp_mode": "catmullrom"
						},
						"0.2083": {
							"post": [-52.05798, -21.48772, 66.49763],
							"lerp_mode": "catmullrom"
						},
						"0.4583": {
							"post": [-74.68367, -9.95153, 82.71837],
							"lerp_mode": "catmullrom"
						},
						"0.625": {
							"post": [-61.45306, -57.01396, 60.89983],
							"lerp_mode": "catmullrom"
						},
						"0.75": {
							"post": [155.32894, -78.85987, -111.70618],
							"lerp_mode": "catmullrom"
						}
					},
					"position": {
						"0.0": {
							"post": [1.02399, 0.50472, -2.4167],
							"lerp_mode": "catmullrom"
						},
						"0.2083": {
							"post": [0.64014, 0.56278, -3.28211],
							"lerp_mode": "catmullrom"
						},
						"0.4583": {
							"post": [1.05457, 0.3642, -2.32303],
							"lerp_mode": "catmullrom"
						},
						"0.625": {
							"post": [0.98707, 0.77641, -2.42961],
							"lerp_mode": "catmullrom"
						},
						"0.75": {
							"post": [1.02399, 0.50472, -2.4167],
							"lerp_mode": "catmullrom"
						}
					}
				},
				"rightForeArm": {
					"rotation": {
						"0.0": {
							"post": [-1.76531, 0.27198, 29.99157],
							"lerp_mode": "catmullrom"
						},
						"0.2083": {
							"post": [-1.59029, -0.61548, 0.00529],
							"lerp_mode": "catmullrom"
						},
						"0.4583": {
							"post": [-1.49383, 0.82242, 49.98602],
							"lerp_mode": "catmullrom"
						},
						"0.625": {
							"post": [-0.33016, 1.67295, 99.99192],
							"lerp_mode": "catmullrom"
						},
						"0.75": {
							"post": [-1.76531, 0.27198, 29.99157],
							"lerp_mode": "catmullrom"
						}
					},
					"position": {
						"0.0": {
							"post": [0, 0, 0],
							"lerp_mode": "catmullrom"
						},
						"0.4583": {
							"post": [0, 0, 0],
							"lerp_mode": "catmullrom"
						}
					}
				},