{
	"format_version": "1.8.0",
	"animations": {

		"animation.scuke_zombie_gangs.crawl": {
			"loop": true,
			"animation_length": 2.0417,
			"bones": {
				"root": {
					"rotation": {
						"0.0": [77.9482, 2.07597, 1.9126],
						"2.0417": [77.9482, 2.07597, 1.9126]
					},
					"position": {
						"0.0": [0, -12.14, 0],
						"2.0417": [0, -11.944, 0]
					}
				},
				"waist": {
					"rotation": {
						"0.0": [12.13628, 1.33526, 4.24525],
						"0.2917": [-15.36372, 1.33526, 4.24525],
						"0.5": [-25.36372, 1.33526, 4.24525],
						"0.7917": [-15.36372, 1.33526, 4.24525],
						"1.0417": [12.13628, 1.33526, 4.24525],
						"1.3333": [-15.36372, 1.33526, 4.24525],
						"1.5417": [-25.36372, 1.33526, 4.24525],
						"1.8333": [-15.36372, 1.33526, 4.24525],
						"2.0417": [12.13628, 1.33526, 4.24525]
					},
					"position": {
						"0.0": [0, 0, 0],
						"1.0417": [0, 0, 0],
						"2.0417": [0, 0, 0]
					}
				},
				"head": {
					"rotation": {
						"0.0": [-84.91192, 1.9396, 0.91246],
						"0.3333": [-119.91192, 1.9396, 0.91246],
						"0.5417": [-134.91192, 1.9396, 0.91246],
						"0.8333": [-119.91192, 1.9396, 0.91246],
						"1.0833": [-84.91192, 1.9396, 0.91246],
						"1.375": [-119.91192, 1.9396, 0.91246],
						"1.5833": [-134.91192, 1.9396, 0.91246],
						"1.875": [-119.91192, 1.9396, 0.91246],
						"2.0417": [-84.91192, 1.9396, 0.91246]
					},
					"position": {
						"0.0": [0, 4, -1],
						"0.3333": [0, 4, 1],
						"0.5417": [0.04789, 4.00141, 2.4134],
						"0.8333": [0, 4, 1],
						"1.0833": [0, 4, -1],
						"1.375": [0, 4, 1],
						"1.5833": [0.04789, 4.00141, 2.4134],
						"1.875": [0, 4, 1],
						"2.0417": [0, 4, -1]
					}
				},
				"leftArm": {
					"rotation": {
						"0.0": [-86.77014, -10.02007, 31.6939],
						"0.2917": [-74.27014, -10.02007, 31.6939],
						"0.5": [-66.05089, -16.89504, 28.60964],
						"0.7917": [-124.0805, -54.89291, 36.61344],
						"1.0417": [-168.31961, -8.9538, 22.79594],
						"1.3333": [-223.92607, -3.77554, 28.257],
						"1.5417": [-182.06058, -3.47054, 38.27243],
						"1.8333": [-132.06058, -3.47054, 38.27243],
						"2.0417": [-86.77014, -10.02007, 31.6939]
					},
					"position": {
						"0.0": [-1.42, 0, 2.96],
						"0.5": [-1.42, 0, 2.96],
						"0.7917": [-0.63542, 0.10454, 2.34885],
						"1.0417": [0.22458, 0.44268, -0.20649],
						"1.8333": [-0.11767, 0.06643, 0.34581],
						"2.0417": [-1.42, 0, 2.96]
					},
					"scale": {
						"0.0": [1, 1, 1],
						"2.0417": [1, 1, 1]
					}
				},
				"leftForeArm": {
					"rotation": {
						"0.0": [-90.25, 0, 0],
						"0.2917": [-90.25, 0, 0],
						"0.5": [-62.75, 0, 0],
						"0.7917": [-22.75, 0, 0],
						"1.0417": [-10.24184, 1.45503, 21.69026],
						"1.3333": [-10.2085, -1.67512, 4.47029],
						"1.5417": [-47.7085, -1.67512, 4.47029],
						"1.8333": [-80.2085, -1.67512, 4.47029],
						"2.0417": [-90.25, 0, 0]
					}
				},
				"rightArm": {
					"rotation": {
						"0.0": [-165.21376, 3.93342, -24.78412],
						"0.2917": [-222.96126, -1.43335, -36.08023],
						"0.5": [-170.46126, -1.43335, -36.08023],
						"0.7917": [-130.46126, -1.43335, -36.08023],
						"1.0417": [-88.11511, 13.49744, -37.53181],
						"1.3333": [-86.78485, 7.44159, -30.80017],
						"1.5417": [-83.723, 45.32837, -8.54124],
						"1.8333": [-131.19518, 81.07319, -33.81763],
						"2.0417": [-165.21376, 3.93342, -24.78412]
					},
					"position": {
						"0.0": [0.9, 0, 0.59],
						"0.2917": [0.35959, 0.72337, 1.01977],
						"0.5": [0.36, 0.72, 1.02],
						"0.7917": [0.72679, 0.18433, 1.78061],
						"1.0417": [1.5979, -0.65079, 3.64772],
						"1.3333": [1.25495, -0.57781, 3.29542],
						"1.8333": [0.88684, -0.4269, 2.25373],
						"2.0417": [0.9, 0, 0.59]
					},
					"scale": {
						"0.0": [1, 1, 1],
						"2.0417": [1, 1, 1]
					}
				},
				"rightForeArm": {
					"rotation": {
						"0.0": [-8.62263, -2.84725, -24.8477],
						"0.2917": [-13.84819, 1.33868, -7.85042],
						"0.5": [-48.84819, 1.33868, -7.85042],
						"0.7917": [-71.34819, 1.33868, -7.85042],
						"1.0417": [-86.34819, 1.33868, -7.85042],
						"1.3333": [-88.84819, 1.33868, -7.85042],
						"1.5417": [-43.84819, 1.33868, -7.85042],
						"1.8333": [-18.84819, 1.33868, -7.85042],
						"2.0417": [-8.62263, -2.84725, -24.8477]
					}
				},
				"leftLeg": {
					"rotation": {
						"0.0": [12.17609, -1.88013, -0.89449],
						"0.2917": [12.17609, -1.88013, -0.89449],
						"0.5": [4.67609, -1.88013, -0.89449],
						"0.7917": [12.17609, -1.88013, -0.89449],
						"1.0417": [12.17609, -1.88013, -0.89449],
						"1.3333": [12.17609, -1.88013, -0.89449],
						"1.5417": [12.17609, -1.88013, -0.89449],
						"1.8333": [12.17609, -1.88013, -0.89449],
						"2.0417": [12.17609, -1.88013, -0.89449]
					},
					"position": {
						"0.0": [0, -0.12, 0],
						"0.2917": [-0.00834, 0.85749, -0.2108],
						"0.7917": [-0.00834, 0.85749, -0.2108],
						"1.0417": [0, -0.12, 0],
						"1.3333": [-0.00834, 0.85749, -0.2108],
						"1.8333": [-0.00834, 0.85749, -0.2108],
						"2.0417": [0, -0.12, 0]
					},
					"scale": {
						"0.0": [1, 1, 1],
						"2.0417": [1, 1, 1]
					}
				},
				"leftForeLeg": {
					"rotation": {
						"0.0": [4, 0, 0],
						"0.2917": [4, 0, 0],
						"0.5": [11.5, 0, 0],
						"0.7917": [4, 0, 0],
						"1.0417": [4, 0, 0],
						"1.3333": [4, 0, 0],
						"1.5417": [11.5, 0, 0],
						"1.8333": [4, 0, 0],
						"2.0417": [4, 0, 0]
					},
					"position": {
						"0.0": [0, 0, 0],
						"0.2917": [0, 0, 0],
						"0.7917": [0, 0, 0],
						"1.0417": [0, 0, 0],
						"1.3333": [0, 0, 0],
						"1.8333": [0, 0, 0],
						"2.0417": [0, 0, 0]
					},
					"scale": {
						"0.0": [1, 1, 1],
						"2.0417": [1, 1, 1]
					}
				},
				"rightLeg": {
					"rotation": {
						"0.0": [9.62385, -5.42107, 6.18798],
						"0.2917": [9.62385, -5.42107, 6.18798],
						"0.5": [2.12385, -5.42107, 6.18798],
						"0.7917": [9.62385, -5.42107, 6.18798],
						"1.0417": [9.62385, -5.42107, 6.18798],
						"1.3333": [9.62385, -5.42107, 6.18798],
						"1.5417": [2.12385, -5.42107, 6.18798],
						"1.8333": [9.62385, -5.42107, 6.18798],
						"2.0417": [9.62385, -5.42107, 6.18798]
					},
					"position": {
						"0.0": [0, -0.384, 0],
						"0.2917": [0.12198, 0.59848, -0.16643],
						"0.5": [0.24198, 1.57848, -0.33643],
						"0.7917": [0.12198, 0.59848, -0.16643],
						"1.0417": [0, -0.384, 0],
						"1.3333": [0.12198, 0.59848, -0.16643],
						"1.5417": [0.24198, 1.57848, -0.33643],
						"1.8333": [0.12198, 0.59848, -0.16643],
						"2.0417": [0, -0.384, 0]
					}
				},
				"rightForeLeg": {
					"rotation": {
						"0.0": [6, 0, 0],
						"0.2917": [6, 0, 0],
						"0.5": [13.5, 0, 0],
						"0.7917": [6, 0, 0],
						"1.0417": [6, 0, 0],
						"1.3333": [6, 0, 0],
						"1.5417": [13.5, 0, 0],
						"1.8333": [6, 0, 0],
						"2.0417": [6, 0, 0]
					},
					"position": {
						"0.0": [0, 0, 0],
						"1.0417": [0, 0, 0],
						"2.0417": [0, 0, 0]
					}
				},
				"body": {
					"rotation": {
						"0.0": [-4.93, -4.7, -1.71],
						"0.2917": [62.57, -4.7, -1.71],
						"0.5": [85.07, -4.7, -1.71],
						"0.7917": [62.57, -4.7, -1.71],
						"1.0417": [-4.93, -4.7, -1.71],
						"1.3333": [62.57, -4.7, -1.71],
						"1.5417": [85.07, -4.7, -1.71],
						"1.8333": [62.57, -4.7, -1.71],
						"2.0417": [-4.93, -4.7, -1.71]
					},
					"position": {
						"0.0": [0, 0, 0],
						"0.2917": [0, 0, 2],
						"0.5": [0.03033, 0.29308, 1.52494],
						"0.7917": [0, 0, 2],
						"1.0417": [0, 0, 0],
						"1.3333": [0, 0, 2],
						"1.5417": [0.03033, 0.29308, 1.52494],
						"1.8333": [0, 0, 2],
						"2.0417": [0, 0, 0]
					},
					"scale": {
						"0.0": [1, 1, 1],
						"1.0417": [1, 1, 1],
						"2.0417": [1, 1, 1]
					}
				}
			}
		},
		"animation.scuke_zombie_gangs.crawl_notmove": {
			"loop": true,
			"bones": {
				"root": {
					"rotation": [77.9482, 2.07597, 1.9126],
					"position": [0, -11.944, 0]
				},