{
	"format_version": "1.8.0",
	"animations": {
		"animation.scuke_zombie_guard.attack": {
			"loop": true,
			"animation_length": 2.4583,
			"bones": {
				"root": {
					"rotation": [0, 24.5, 0],
					"position": [0, -0.944, 0]
				},
				"waist": {
					"rotation": {
						"0.0": [12.12179, -8.0685, -1.7267],
						"0.1667": [-2.87821, -8.0685, -1.7267],
						"0.4583": [-2.88, -8.07, -1.73],
						"0.6667": [-2.88, -8.07, -1.73],
						"0.7917": [-17.88, -8.07, -1.73],
						"1.0": [2.12, -8.07, -1.73],
						"1.25": [-2.88, -8.07, -1.73],
						"1.375": [-17.88, -8.07, -1.73],
						"1.5833": [2.12, -8.07, -1.73],
						"1.8333": [-2.88, -8.07, -1.73],
						"1.9583": [-17.88, -8.07, -1.73],
						"2.1667": [2.12, -8.07, -1.73]
					},
					"position": {
						"0.0": [0, 0, 0],
						"0.375": [0.01859, -0.49903, -0.02487],
						"0.7917": [0, 0, 0],
						"1.1667": [0.01859, -0.49903, -0.02487],
						"1.5417": [0, 0, 0],
						"1.875": [0, 0, 0],
						"2.1667": [0, 0, 0]
					}
				},
				"head": {
					"rotation": {
						"0.0": [23.03938, -18.07951, -1.40809],
						"0.2083": [-17.19425, -15.70079, -0.60413],
						"0.4167": [2.80575, -15.70079, -0.60413],
						"0.625": [2.80575, -15.70079, -0.60413],
						"0.7917": [-44.69425, -15.70079, -0.60413],
						"1.0": [-14.69425, -15.70079, -0.60413],
						"1.2083": [2.80575, -15.70079, -0.60413],
						"1.375": [-44.69425, -15.70079, -0.60413],
						"1.5833": [-14.69425, -15.70079, -0.60413],
						"1.7917": [2.80575, -15.70079, -0.60413],
						"1.9583": [-44.69425, -15.70079, -0.60413],
						"2.1667": [-14.69425, -15.70079, -0.60413]
					},
					"position": {
						"0.0": [0, 0, 0],
						"0.5833": [-0.00068, -0.24972, 0.01178],
						"1.0833": [0, 0, 0],
						"1.625": [-0.00068, -0.24972, 0.01178],
						"2.1667": [0, 0, 0]
					}
				},
				"leftArm": {
					"rotation": {
						"0.0": [13.72238, -31.84329, -26.69263],
						"0.2917": [-57.39982, 28.91402, 9.88987],
						"0.4583": [-84.89982, 28.91402, 9.88987],
						"0.6667": [-84.89982, 28.91402, 9.88987],
						"1.25": [-84.89982, 28.91402, 9.88987],
						"1.8333": [-84.89982, 28.91402, 9.88987]
					},
					"position": {
						"0.0": [-0.39468, -0.36163, 0.91185],
						"0.2917": [-0.39, -0.36, 0.91],
						"0.4583": [-0.39, -0.36, 0.91],
						"0.6667": [-0.39, -0.36, 0.91],
						"1.25": [-0.39, -0.36, 0.91],
						"1.8333": [-0.39, -0.36, 0.91]
					}
				},
				"leftForeArm": {
					"rotation": {
						"0.0": [-7.75, 0, 0],
						"0.2083": [-7.75, 0, 0],
						"0.4583": [-7.75, 0, 0],
						"0.6667": [-7.75, 0, 0],
						"0.7917": [-22.75, 0, 0],
						"1.0": [-15.25, 0, 0],
						"1.25": [-7.75, 0, 0],
						"1.375": [-22.75, 0, 0],
						"1.5833": [-15.25, 0, 0],
						"1.8333": [-7.75, 0, 0],
						"1.9583": [-22.75, 0, 0],
						"2.1667": [-15.25, 0, 0]
					}
				},
				"rightArm": {
					"rotation": {
						"0.0": [6.08333, -23.8761, 20.329],
						"0.2083": [-54.95761, -45.55567, 4.94009],
						"0.4583": [-90.87804, -43.23893, 6.25538],
						"0.6667": [-90.87804, -43.23893, 6.25538],
						"1.25": [-90.87804, -43.23893, 6.25538],
						"1.8333": [-90.87804, -43.23893, 6.25538]
					},
					"position": {
						"0.0": [-0.34543, -0.10297, -0.73849],
						"0.2083": [-0.35, -0.1, -0.74],
						"0.4583": [0.2452, 0.77679, -2.709],
						"0.6667": [0.2452, 0.77679, -2.709],
						"1.25": [0.2452, 0.77679, -2.709],
						"1.8333": [0.2452, 0.77679, -2.709]
					}
				},
				"rightForeArm": {
					"rotation": {
						"0.0": [-9.25, 0, 0],
						"0.2083": [-24.25, 0, 0],
						"0.4583": [-1.75, 0, 0],
						"0.6667": [-1.75, 0, 0],
						"0.7917": [-16.75, 0, 0],
						"1.0": [-6.75, 0, 0],
						"1.25": [-1.75, 0, 0],
						"1.375": [-16.75, 0, 0],
						"1.5833": [-6.75, 0, 0],
						"1.8333": [-1.75, 0, 0],
						"1.9583": [-16.75, 0, 0],
						"2.1667": [-6.75, 0, 0]
					}
				},
				"leftLeg": {
					"rotation": {
						"0.0": [-44.58441, -30.36525, -9.52034],
						"0.625": [-44.58, -30.37, -9.52],
						"0.7917": [-49.58, -30.37, -9.52],
						"1.0": [-44.58, -30.37, -9.52],
						"1.2083": [-44.58, -30.37, -9.52],
						"1.375": [-49.58, -30.37, -9.52],
						"1.5833": [-44.58, -30.37, -9.52],
						"1.7917": [-44.58, -30.37, -9.52],
						"1.9583": [-49.58, -30.37, -9.52],
						"2.1667": [-44.58, -30.37, -9.52]
					},
					"position": {
						"0.0": [0, -1.12, 0],
						"0.625": [0, -1.12, 0],
						"1.0": [0, -1.12, 0],
						"1.2083": [0, -1.12, 0],
						"1.5833": [0, -1.12, 0],
						"1.7917": [0, -1.12, 0],
						"2.1667": [0, -1.12, 0]
					}
				},
				"leftForeLeg": {
					"rotation": {
						"0.0": [46.5, 0, 0],
						"0.625": [46.5, 0, 0],
						"0.7917": [61.5, 0, 0],
						"1.0": [46.5, 0, 0],
						"1.2083": [46.5, 0, 0],
						"1.375": [61.5, 0, 0],
						"1.5833": [46.5, 0, 0],
						"1.7917": [46.5, 0, 0],
						"1.9583": [61.5, 0, 0],
						"2.1667": [46.5, 0, 0]
					}
				},
				"rightLeg": {
					"rotation": {
						"0.0": [-26.25, 2.25, 10.75],
						"0.625": [-26.25, 2.25, 10.75],
						"0.7917": [-31.25, 2.25, 10.75],
						"1.0": [-26.25, 2.25, 10.75],
						"1.2083": [-26.25, 2.25, 10.75],
						"1.375": [-31.25, 2.25, 10.75],
						"1.5833": [-26.25, 2.25, 10.75],
						"1.7917": [-26.25, 2.25, 10.75],
						"1.9583": [-31.25, 2.25, 10.75],
						"2.1667": [-26.25, 2.25, 10.75]
					},
					"position": {
						"0.0": [0, -0.384, 0],
						"0.625": [0, -0.38, 0],
						"0.7917": [0, -0.63, 0],
						"1.0": [0, -0.38, 0],
						"1.2083": [0, -0.38, 0],
						"1.375": [0, -0.63, 0],
						"1.5833": [0, -0.38, 0],
						"1.7917": [0, -0.38, 0],
						"1.9583": [0, -0.63, 0],
						"2.1667": [0, -0.38, 0]
					}
				},
				"rightForeLeg": {
					"rotation": {
						"0.0": [66, 0, 0],
						"0.625": [66, 0, 0],
						"0.7917": [76, 0, 0],
						"1.0": [66, 0, 0],
						"1.2083": [66, 0, 0],
						"1.375": [76, 0, 0],
						"1.5833": [66, 0, 0],
						"1.7917": [66, 0, 0],
						"1.9583": [76, 0, 0],
						"2.1667": [66, 0, 0]
					}
				},
				"body": {
					"rotation": {
						"0.0": [0, 0, 0],
						"0.25": [-35, 0, 0],
						"0.375": [0, 0, 0],
						"0.4583": [0, 0, 0],
						"0.6667": [0, 0, 0],
						"0.7917": [-25, 0, 0],
						"1.0": [15, 0, 0],
						"1.25": [0, 0, 0],
						"1.375": [-25, 0, 0],
						"1.5833": [15, 0, 0],
						"1.8333": [0, 0, 0],
						"1.9583": [-25, 0, 0],
						"2.1667": [15, 0, 0]
					}
				},
				"bone2": {
					"rotation": {
						"0.0": [0, 0, 0],
						"0.2917": [0, 0, 0],
						"0.4167": [0, 0, 22.5],
						"0.625": [0, 0, 22.5],
						"1.2083": [0, 0, 22.5],
						"1.7917": [0, 0, 22.5]
					},
					"position": {
						"0.0": [0, 0, 0],
						"0.2917": [0, 0, 0],
						"0.4167": [0, 0, 0],
						"0.625": [0, 0, 0],
						"0.7917": [0.38268, 0.92388, 0],
						"1.0": [-0.00268, -0.00388, 0],
						"1.2083": [0, 0, 0],
						"1.375": [0.38268, 0.92388, 0],
						"1.5833": [-0.00268, -0.00388, 0],
						"1.7917": [0, 0, 0],
						"1.9583": [0.38268, 0.92388, 0],
						"2.1667": [-0.00268, -0.00388, 0]
					}
				}
			}
		}
	}
}