{
	"format_version": "1.8.0",
	"animations": {
		"animation.scuke_survive_armor.armor02_chest": {
			"loop": true,
			"animation_length": 1,
			"bones": {
				"zhuangjia_1": {
					"position": {
						"0.1667": [0, 0, 0],
						"0.3333": [0, -1.41421, -1.41421],
						"0.5": [0, 0.00421, 0.00421]
					}
				},
				"zhuangjia_5": {
					"position": {
						"0.3333": [0, 0, 0],
						"0.5": [0, -1.41421, -1.41421],
						"0.6667": [0, 0.00421, 0.00421]
					}
				},
				"zhuangjia_6": {
					"position": {
						"0.5": [0, 0, 0],
						"0.6667": [0, -1.41421, -1.41421],
						"0.8333": [0, 0.00421, 0.00421]
					}
				},
				"zhuangjia_2": {
					"position": {
						"0.0": [0, 0, 0],
						"0.1667": [0, 1.41421, -1.41421],
						"0.5": [0, 1.41, -1.41],
						"0.6667": [0, -0.00421, 0.00421]
					}
				},
				"zhuangjia_3": {
					"position": {
						"0.1667": [0, 0, 0],
						"0.3333": [0, 1.41421, -1.41421],
						"0.6667": [0, 1.41, -1.41],
						"0.8333": [0, 0, 0]
					}
				},
				"zhuangjia_4": {
					"position": {
						"0.3333": [0, 0, 0],
						"0.5": [0, 1.41421, -1.41421],
						"0.8333": [0, 1.41, -1.41],
						"1.0": [0, 0, 0]
					}
				},
				"zhuangjia_7": {
					"position": {
						"0.1667": [0, 0, 0],
						"0.3333": [0, -1.41421, -1.41421],
						"0.5": [0, 0.00421, 0.00421]
					}
				},
				"zhuangjia_8": {
					"position": {
						"0.3333": [0, 0, 0],
						"0.5": [0, -1.41421, -1.41421],
						"0.6667": [0, 0.00421, 0.00421]
					}
				},
				"zhuangjia_9": {
					"position": {
						"0.5": [0, 0, 0],
						"0.6667": [0, -1.41421, -1.41421],
						"0.8333": [0, 0.00421, 0.00421]
					}
				},
				"zhuangjia_10": {
					"position": {
						"0.0": [0, 0, 0],
						"0.1667": [0, 1.41421, -1.41421],
						"0.5": [0, 1.41, -1.41],
						"0.6667": [0, -0.00421, 0.00421]
					}
				},
				"zhuangjia_11": {
					"position": {
						"0.1667": [0, 0, 0],
						"0.3333": [0, 1.41421, -1.41421],
						"0.6667": [0, 1.41, -1.41],
						"0.8333": [0, 0, 0]
					}
				},
				"zhuangjia_12": {
					"position": {
						"0.3333": [0, 0, 0],
						"0.5": [0, 1.41421, -1.41421],
						"0.8333": [0, 1.41, -1.41],
						"1.0": [0, 0, 0]
					}
				}
			}
		}
	}
}