{
	"format_version": "1.8.0",
	"animations": {
		"animation.open.new": {
			"animation_length": 1.5,
			"bones": {
				"scenter": {
					"rotation": {
						"0.0": [0, 0, 0],
						"0.25": [0, -180, 0],
						"0.5": [0, -360, 0],
						"0.75": [0, -540, 0],
						"1.0": [0, -720, 0]
					},
					"position": {
						"0.0": [0, 0, 0],
						"0.25": [0, 4, 0],
						"1.25": [0, 0, 0],
						"1.5": [0, 0, 0]
					}
				},
				"ls": {
					"rotation": {
						"0.0": [-180, -180, -180],
						"0.2917": [-180, -180, -150],
						"1.0": [-180, -180, -180]
					}
				},
				"ls2": {
					"rotation": {
						"0.0": [0, 0, 0],
						"0.2917": [0, 0, -32.5],
						"1.0": [0, 0, 0]
					}
				},
				"ls3": {
					"rotation": {
						"0.0": [0, 0, 0],
						"0.2917": [-90.63861, 27.85043, 89.5393],
						"1.0": [0, 0, 0]
					}
				},
				"ls4": {
					"rotation": {
						"0.0": [0, 0, 0],
						"0.2917": [90, -30, 90],
						"1.0": [0, 0, 0]
					}
				},
				"E1": {
					"rotation": {
						"0.0": [0, 0, 0],
						"0.25": [0, 0, 150],
						"1.25": [0, 0, 150],
						"1.5": [0, 0, 0]
					}
				},
				"E2": {
					"rotation": {
						"0.0": [0, 0, 0],
						"0.25": [0, 0, 140],
						"1.25": [0, 0, 140],
						"1.5": [0, 0, 0]
					}
				},
				"E3": {
					"rotation": {
						"0.0": [0, 0, 0],
						"0.25": [0, 0, 145],
						"1.25": [0, 0, 145],
						"1.5": [0, 0, 0]
					}
				},
				"E4": {
					"rotation": {
						"0.0": [0, 0, 0],
						"0.25": [0, 0, -142.5],
						"1.25": [0, 0, -142.5],
						"1.5": [0, 0, 0]
					}
				}
			}
		}
	}
}