{
	"format_version": "1.8.0",
	"animations": {
		"animation.scuke_survive_grenade.throw_prepare": {
			"loop": "hold_on_last_frame",
			"animation_length": 0.7083,
			"bones": {
				"waist": {
					"rotation": {
						"0.0": [0, 0, 0],
						"0.7083": [-3, 7, 0]
					},
					"position": {
						"0.0": [0, 0, 0],
						"0.7083": [0, 0, 0.1]
					}
				},
				"leftArm": {
					"rotation": {
						"0.0": [0, 0, 0],
						"0.1667": [-59.5, 8.8, 4.5],
						"0.2917": [-59.5, 8.8, 4.5],
						"0.5": [59, -12.5, -8],
						"0.7083": [-5, 0, -15]
					},
					"position": {
						"0.0": [0, 0, 0],
						"0.7083": [0.3, -0.6, 0]
					}
				},
				"rightArm": {
					"rotation": {
						"0.0": [0, 0, 0],
						"0.1667": [-87.889, -29.173, 41.498],
						"0.2917": [-87.889, -29.173, 41.498],
						"0.4167": [-77.4, -23.4, 32.32],
						"0.7083": [20, 0, 160]
					},
					"position": {
						"0.0": [0, 0, 0],
						"0.1667": [0, -1, 0],
						"0.2917": [0, -1, 0],
						"0.4167": [0, -1.67, 0],
						"0.5": [0, 0, 0],
						"0.7083": [-1.99, 0.21, 1.23]
					}
				},
				"grenade": {
					"rotation": {
						"0.2917": [0, 0, 0],
						"0.5": [0, -10, 0],
						"0.625": [0, 0, 0],
						"0.7083": [0, 0, 0]
					}
				},
				"zhen2": {
					"position": {
						"0.375": [0, 0, 0],
						"0.4583": [8, 0, 0],
						"0.7083": [8, 0, 0]
					},
					"scale": {
						"0.375": [1, 1, 1],
						"0.4167": [0, 0, 0],
						"0.7083": [0, 0, 0]
					}
				},
				"zhen": {
					"rotation": {
						"0.2917": [0, 0, 0],
						"0.375": [0, 0, -90],
						"0.7083": [0, 0, -90]
					}
				}
			},
			"sound_effects": {
				"0.0": {
					"effect": "grenada_throw_prepare"
				}
			}
		},
		"animation.scuke_survive_grenade.throw_release": {
			"animation_length": 0.75,
			"bones": {
				"waist": {
					"rotation": {
						"0.0": [-3, 7, 0],
						"0.125": [31.629, -21.4, 2.9],
						"0.25": [32.629, -25.64, 0],
						"0.75": [0, 0, 0]
					},
					"position": {
						"0.0": [0, 0, 0.1],
						"0.125": [0, 0, 0]
					}
				},
				"leftArm": {
					"rotation": {
						"0.0": [-5, 0, -15],
						"0.125": [40, 0, -62.5],
						"0.25": [40, 0, -62.5],
						"0.75": [0, 0, 0]
					},
					"position": {
						"0.0": [0.3, -0.6, 0],
						"0.125": [1.75, -1, 1],
						"0.25": [1.75, -1, 1],
						"0.75": [0, 0, 0]
					}
				},
				"rightArm": {
					"rotation": {
						"0.0": [20, 0, 160],
						"0.125": [29.93991, 3.73737, 157.55702],
						"0.1667": [-0.06009, 3.73737, 157.55702],
						"0.25": [-47.5515, 3.20346, 135.04887],
						"0.75": [0, 0, 0]
					},
					"position": {
						"0.0": [-1.99, 0.21, 1.23],
						"0.125": [-1.887, 1.525, 1.152],
						"0.1667": [-1.887, 1.525, 1.152],
						"0.25": [-0.564, 0.222, -0.664],
						"0.75": [0, 0, 0]
					}
				},
				"grenade": {
					"rotation": [0, 0, 0],
					"position": {
						"0.0833": [0, 0, 0],
						"0.125": [0, 0, -2]
					},
					"scale": {
						"0.125": [1, 1, 1],
						"0.1667": [0, 0, 0]
					}
				},
				"zhen2": {
					"position": [8, 0, 0],
					"scale": 0
				},
				"zhen": {
					"rotation": [0, 0, -90]
				}
			}
		},
		"animation.scuke_survive_grenade.first_idle": {
			"loop": true,
			"bones": {
				"rightArm": {
					"rotation": [62, -13, 14],
					"position": [-6, 10, 2]
				}
			}
		},
		"animation.scuke_survive_grenade.first_throw_prepare": {
			"loop": "hold_on_last_frame",
			"animation_length": 0.8333,
			"bones": {
				"zhen2": {
					"scale": {
						"0.4583": [1, 1, 1],
						"0.5": [0, 0, 0],
						"0.8333": [0, 0, 0]
					}
				},
				"zhen": {
					"rotation": {
						"0.25": [0, 0, 0],
						"0.375": [0, 0, -75],
						"0.8333": [0, 0, -75]
					}
				},
				"rightArm": {
					"rotation": {
						"0.0": [0, 0, 0],
						"0.25": [-15, -40, 20],
						"0.375": [-15, -40, 20],
						"0.4583": [-15, -40, 20],
						"0.625": [-55, -20, 0],
						"0.8333": [-55, -20, 0]
					},
					"position": {
						"0.0": [0, 0, 0],
						"0.25": [-1, 2, -2],
						"0.375": [-2, 2, -2],
						"0.4583": [-2, 2, -2],
						"0.625": [-2, 8, 5],
						"0.8333": [-2, 8, 5]
					}
				}
			},
			"sound_effects": {
				"0.0": {
					"effect": "trap"
				}
			}
		},
		"animation.scuke_survive_grenade.first_throw_release": {
			"animation_length": 0.5417,
			"bones": {
				"rightArm": {
					"rotation": {
						"0.0": [-55, -20, 0],
						"0.1667": [55, -10, -20],
						"0.5417": [0, 0, 0]
					},
					"position": {
						"0.0": [-2, 8, 5],
						"0.1667": [0.5, 7, -2],
						"0.5417": [0, 0, 0]
					}
				},
				"grenade": {
					"scale": {
						"0.0417": [1, 1, 1],
						"0.0833": [0, 0, 0]
					}
				}
			}
		},
		"animation.scuke_survive_grenade.scale_correct": {
			"loop": true,
			"bones": {
				"grenade": {
					"rotation": [-90, "query.anim_time*40", 0],
					"position": [-4, 22, 0]
				},
				"root": {
					"rotation": [0, "query.anim_time*40", 0],
					"position": [10, 0, 0]
				}
			}
		}
	}
}